uid	travelled distance	energy
0	-0.1001	-0.031423392
1	-0.1001	-0.031423392
0	-0.1002	-0.031454784
1	-0.1002	-0.031454784
0	0.0	0.0
1	0.0	0.0
0	0.10039999999999999	0.031517568
1	0.10039999999999999	0.031517568
0	0.20099999999999998	0.06309792
1	0.20099999999999998	0.06309792
