uid	posX	posY	posZ
0	1500.0708994559209	1500.070663124401	3.0
1	1000.0709585629031	1000.0706037700886	3.0
0	1500.0709702845481	1500.0707337169329	3.0
1	1000.0710294505783	1000.0706743033254	3.0
0	1500.0	1500.0	3.0
1	1000.0	1000.0	3.0
0	1499.9288880581973	1499.9291250980032	3.0
1	999.9288287740712	999.9291846302009	3.0
0	1499.8576344591402	1499.8581090109426	3.0
1	999.8575157727919	999.858228193928	3.0
